DROP TABLE IF EXISTS Country CASCADE; 
DROP TABLE IF EXISTS Population CASCADE; 
DROP TABLE IF EXISTS Continent CASCADE; 
DROP TABLE IF EXISTS Ocean CASCADE;
DROP TABLE IF EXISTS "Continent and ocean" CASCADE; 
CREATE TABLE Country(ID serial, nam varchar(35) PRIMARY KEY, capit varchar(30) NULL , lang varchar(50), area double precision, populat varchar(25), cont varchar(15));
CREATE TABLE Population(ID serial, nam varchar(25) PRIMARY KEY, siz double precision);
CREATE TABLE Continent(ID serial, nam varchar(15) PRIMARY KEY, area double precision, mount varchar(500));
CREATE TABLE Ocean(ID serial, nam varchar(10) PRIMARY KEY, area double precision, sea varchar(500));
CREATE TABLE "Continent and ocean"(ID serial PRIMARY KEY, cont varchar(15), ocean varchar(10));
ALTER TABLE Country ADD FOREIGN KEY(populat) REFERENCES Population(nam);
ALTER TABLE Country ADD FOREIGN KEY(cont) REFERENCES Continent(nam);
ALTER TABLE "Continent and ocean" ADD FOREIGN KEY(cont) REFERENCES Continent(nam);
ALTER TABLE "Continent and ocean" ADD FOREIGN KEY(ocean) REFERENCES Ocean(nam);
INSERT INTO Continent(nam, area, mount) VALUES('Antarctica', 14.2, 'Ellsworth, Transantarctic Mountains'),
('Africa', 30.37, 'Ruvenzorib, Atlas, Dragon Mountains, Ahaggar, Cape Mountains'),
('Asia', 44.58, 'Himalayas, Karakoram, Pamir, Hindu Kush, Sino-Tibetan Mountains, Tien Shan, Kunlun, Gangdise, Caucasus Mountains, Hissar-Alai, Elburs, Maoke, Eastern Ridge, Zagros, Altai Mountains, Taurus Mountains, Middle Ridge, Sayans, Japanese Alps, Chersky Ridge, Western Ghats, Stanovoy Ridge, Sikhote-Alin, Dzhugdzhur, Ural Mountains, Eastern Ghats, Byrranga'),
('Australia', 8.6, 'Bismarck Mountains, Owen Stanley Range, Alps, Great Dividing Range'),
('Europe', 10.18, 'Alps, Pyrenees, Apennines, Carpathians, Cantabrian Mountains, Cordillera, Scandinavian Mountains, Balkan Mountains, Rhodopes, Troodosa, Jura, Catalan Mountains, Sudetes, Crimean Mountains, Black Forest, Vosges, Grampian Mountains, Ore Mountains, Khibiny, Pennine Mountains, Cambrian Mountains'),
('North America', 24.71, 'Cordillera, Wrangel Mountains, Appalachia'),
('South America', 17.84, 'Cordillera');
INSERT INTO Population(nam, siz) VALUES('Abkhazians', 0.242862),
('Afghans', 33.397058),
('Albanians', 2.831741),
('Algerians', 36.485828),
('Andorrans', 0.078115),
('Angolans', 20.162517),
('Antiguans', 0.09051),
('Argentines', 41.281631),
('Armenians', 3.2685),
('Australians', 23.29),
('Austrians', 8.452835),
('Azerbaijanis', 9.2351),
('Bahamians', 0.351275),
('Bahrainis', 1.234571),
('Bangladeshis', 150.039),
('Barbadians', 0.27453),
('Belizeans', 0.3221),
('Belgians', 11.041266),
('Belarusians', 9.4575),
('Beninis', 9.351838),
('Butanians', 0.750443),
('Bolivians', 10.248042),
('Bosnians', 3.839737),
('Botswanians', 2.053237),
('Brazilians', 201.009622),
('Bruneians', 0.412892),
('Bulgarians', 7.36457),
('Burkinis', 17.481984),
('Burundians', 8.749387),
('Cambodians', 14.47832),
('Cameroonians', 20.468943),
('Canadians', 33.66),
('Kaboverdians', 0.505335),
('Central Africans', 4.575586),
('Chadians', 11.274106),
('Chileans', 17.459),
('Chinese', 1366.499),
('Colombians', 46.69),
('Comorians', 0.753943),
('Costa Ricans', 4.301712),
('Croats', 4.290612),
('Cubans', 11.249266),
('Cypriots', 0.862011),
('Czechs', 10.507566),
('Democratic Congolese', 4.233063),
('Danes', 5.579204),
('Djibouti', 0.922708),
('Dominicans', 0.067665),
('Dominikans', 10.183339),
('Timorese', 1.066409),
('Ecuadorians', 14.643),
('Egyptians', 85.294388),
('Salvadorans', 6.264129),
('Equatoroguineans', 0.740471),
('Eritreans', 5.580862),
('Estonians', 1.316194),
('Swazis', 1.220408),
('Ethiopians', 93.877025),
('Micronesians', 0.112098),
('Fijians', 0.875822),
('Finns', 5.4178),
('French', 63.468168),
('Gabonese', 1.563873),
('Gambians', 1.824777),
('Georgians', 4.4976),
('Germans', 81.843809),
('Ghanaians', 25.545939),
('Britons', 62.435709),
('Greeks', 11.290785),
('Grenadians', 0.105303),
('Guatemalans', 15.137569),
('Guineans', 10.48071),
('Bissau-Guineans', 1.579632),
('Guyanese', 0.76151),
('Haitians', 10.255644),
('Hondurans', 7.466),
('Hungarians', 9.962),
('Icelanders', 0.31763),
('Indians', 1223.442),
('Indonesians', 253.609643),
('Iranians', 80.840513),
('Iraqis', 33.703068),
('Irish', 4.581269),
('Israelis', 7.836),
('Italians', 60.776531),
('Ivorians', 20.594615),
('Jamaicans', 2.7058),
('Japanese', 127.103388),
('Jordanians', 6.344),
('Kazakhstanis', 16.776583),
('Kenyans', 42.749418),
('Kiribati', 0.10266),
('Kuwaitis', 2.891553),
('Kirghiz', 5.4776),
('Laotians', 6.3488),
('Latvians', 2.0495),
('Lebanese', 4.291719),
('Lesotans', 2.21685),
('Liberians', 3.476608),
('Libyans', 6.469497),
('Lichtensteinians', 0.036476),
('Lithuanians', 3.195702),
('Luxembourgers', 0.524853),
('Madagascans', 21.928518),
('Malawians', 15.882815),
('Malaysians', 29.425859),
('Maldivians', 0.324313),
('Malians', 14.517176),
('Maltese', 0.420085),
('Marshallese', 0.055717),
('Mauritanians', 3.622961),
('Mauritians', 1.280294),
('Mexicans', 120.286655),
('Moldovans', 3.5595),
('Monegasques', 0.035444),
('Mongols', 2.7368),
('Montenegrins', 0.632796),
('Moroccans', 32.668),
('Mozambicans', 23.700715),
('Burmese', 48.724387),
('Namibians', 2.364433),
('Nauruans', 0.01037),
('Nepalese', 31.011137),
('Dutch', 16.74865),
('New Zealanders', 4.459),
('Nicaraguans', 5.815524),
('Nigers', 16.644339),
('Nigerians', 174.507539),
('North Koreans', 24.553672),
('Macedonians', 2.057284),
('Norwegians', 5.0276),
('Omanis', 2.773479),
('Pakistanis', 183.209612),
('Palauans', 0.020609),
('Palestinians', 4.550368),
('Panamanians', 3.405813),
('Papuans', 7.170112),
('Paraguayans', 6.337127),
('Peruvians', 30.135875),
('Filipinos', 105.720644),
('Poles', 38.208618),
('Portuguese', 10.54184),
('Qataris', 1.699435),
('Congolese', 77.433744),
('Romanians', 21.355849),
('Russians', 146.267288),
('Rwandans', 10.718379),
('Centkits', 0.053697),
('Centlusians', 0.177794),
('Centvincents', 0.109367),
('Samoans', 0.184772),
('Sanmarines', 0.031945),
('Santomians', 0.171878),
('Arabians', 28.705133),
('Senegalese', 13.107945),
('Serbs', 9.846582),
('Seychelles', 0.087169),
('SierraLeoneans', 6.12645),
('Singaporeans', 5.1837),
('slovaks', 5.445324),
('Slovenes', 2.0604),
('Solomonians', 0.566481),
('Somalis', 9.797445),
('South Africans', 50.586757),
('Koreans', 48.58),
('Ossetians', 0.072),
('South Sudanese', 8.26049),
('Spaniards', 46.163116),
('Sri Lankans', 21.22355),
('Sudanese', 30.894),
('Surinamese', 0.534175),
('Swedes', 9.495113),
('Swiss', 7.9526),
('Syrians', 21.11769),
('Tajiks', 7.8),
('Tanzanians', 47.656367),
('Thais', 70.498494),
('Togolese', 5.753324),
('Tongans', 0.104891),
('Trinidadians', 1.317714),
('Tunisians', 10.6738),
('Turks', 77.695904),
('Turkmens', 5.16966),
('Tuvalians', 0.010544),
('Ugandans', 35.620977),
('Ukrainians', 42.7593),
('Emirati', 4.80025),
('Americans', 321.348),
('Uruguayans', 3.203792),
('Uzbeks', 29.6379),
('Vanuatans', 0.251674),
('Vaticans', 0.000842),
('Venezuelans', 28.972),
('Vietnamese', 92.477857),
('Yemenis', 25.569263),
('Zambians', 13.883577),
('Zimbabweans', 13.013678);
INSERT INTO Country(nam, capit, lang, area, populat, cont) VALUES('Abkhazia', 'Sukhum', 'Abkhaz', 0.0086, 'Abkhazians', 'Asia'),
('Afghanistan', 'Kabul', 'Pashto, Dari', 0.6475, 'Afghans', 'Asia'),
('Albania', 'Tyrant', 'Albanian', 0.028748, 'Albanians', 'Europe'),
('Algeria', 'Algeria', 'Arabic', 2.38174, 'Algerians', 'Africa'),
('Andorra', 'Andorrala Vella', 'Catalan', 0.000468, 'Andorrans', 'Europe'),
('Angola', 'Luanda', 'Portuguese', 1.2467, 'Angolans', 'Africa'),
('Antiguaand and Barbuda', 'St. John''s', 'English', 0.000442, 'Antiguans', 'North America'),
('Argentina', 'Buenos Aires', 'Spanish', 2.76689, 'Argentines', 'South America'),
('Armenia', 'Yerevan', 'Armenian', 0.029741, 'Armenians', 'Asia'),
('Australia', 'Canberra', 'English', 7.68685, 'Australians', 'Australia'),
('Austria', 'Vienna', 'German', 0.083858, 'Austrians', 'Europe'),
('Azerbaijan', 'Baku', 'Azerbaijani', 0.0866, 'Azerbaijanis', 'Asia'),
('Bahamas', 'Nassau', 'English', 0.01394, 'Bahamians', 'North America'),
('Bahrain', 'Manama', 'Arabic', 0.000701, 'Bahrainis', 'Asia'),
('Bangladesh', 'Dhaka', 'Bengali, English', 0.144, 'Bangladeshis', 'Asia'),
('Barbados', 'Bridgetown', 'English', 0.00043, 'Barbadians', 'North America'),
('Belarus', 'Minsk', 'Belarusian, Russian', 0.207595, 'Belizeans', 'Europe'),
('Belgium', 'Brussels', 'German, French, Dutch', 0.030528, 'Belgians', 'Europe'),
('Belize', 'Belmopan', 'English', 0.022966, 'Belarusians', 'North America'),
('Benin', 'Porto Novo', 'French', 0.11262, 'Beninis', 'Africa'),
('Bhutan', 'Thimphu', 'Dzong-ke', 0.047, 'Butanians', 'Asia'),
('Bolivia', 'Sucre', 'Spanish, Aymara, Quechua', 1.09858, 'Bolivians', 'South America'),
('Bosniaand and Herzegovina', 'Sarajevo', 'Bosnian, Serbian, Croatian', 0.051129, 'Bosnians', 'Europe'),
('Botswana', 'Gaborone', 'Setswana, English', 0.60037, 'Botswanians', 'Africa'),
('Brazil', 'Brasilia', 'Portuguese', 8.511965, 'Brazilians', 'South America'),
('Brunei', 'Bandar Seri Begawan', 'Malay', 0.00577, 'Bruneians', 'Asia'),
('Bulgaria', 'Sophia', 'Bulgarian', 0.11091, 'Bulgarians', 'Europe'),
('Burkina Faso', 'Ouagadougou', 'French', 0.2742, 'Burkinis', 'Africa'),
('Burundi', 'Gitega', 'Kirundi, French', 0.02783, 'Burundians', 'Africa'),
('Cambodia', 'Phnom Penh', 'Khmer', 0.18104, 'Cambodians', 'Asia'),
('Cameroon', 'Yaunde', 'English, French', 0.47544, 'Cameroonians', 'Africa'),
('Canada', 'Ottawa', 'English, French', 9.976139, 'Canadians', 'North America'),
('Cape Verde', 'Praya', 'Portuguese', 0.004033, 'Kaboverdians', 'Africa'),
('Central African Republic', 'Bangi', 'French', 0.622984, 'Central Africans', 'Africa'),
('Chad', 'N''Djamena', 'Arabic, French', 1.284, 'Chadians', 'Africa'),
('Chile', 'Santiago', 'Spanish', 0.75695, 'Chileans', 'South America'),
('China', 'Beijing', 'Chinese', 9.640821, 'Chinese', 'Asia'),
('Colombia', 'Bogota', 'Spanish', 1.13891, 'Colombians', 'South America'),
('Comoros', 'Moroni', 'French, Arabic', 0.002235, 'Comorians', 'Africa'),
('Costa Rica', 'San Jose', 'Spanish', 0.0511, 'Costa Ricans', 'North America'),
('Croatia', 'Zagreb', 'Croatian', 0.056542, 'Croats', 'Europe'),
('Cuba', 'Havana', 'Spanish', 0.11086, 'Cubans', 'North America'),
('Cyprus', 'Nicosia', 'Turkish, Greek', 0.00925, 'Cypriots', 'Asia'),
('Czech', 'Prague', 'Czech', 0.078866, 'Czechs', 'Europe'),
('Democratic Republic of the Congo', 'Kinshasa', 'French', 2.34541, 'Democratic Congolese', 'Africa'),
('Denmark', 'Copenhagen', 'Danish', 0.043094, 'Danes', 'Europe'),
('Djibouti', 'Djibouti', 'Arabic, French', 0.022, 'Djibouti', 'Africa'),
('Dominican Republic', 'Santo Domingo', 'Spanish', 0.04873, 'Dominicans', 'North America'),
('Dominika', 'Roseau', 'English', 0.000754, 'Dominikans', 'North America'),
('East Timor', 'Dili', 'Portuguese, Tetun', 0.014874, 'Timorese', 'Asia'),
('Ecuador', 'Quito', 'English, Swati', 0.28356, 'Ecuadorians', 'South America'),
('Egypt', 'Cairo', 'Arabic', 1.00145, 'Egyptians', 'Africa'),
('El Salvador', 'San Salvador', 'Spanish', 0.02104, 'Salvadorans', 'North America'),
('Equatorial Guinea', 'Malabo', 'Spanish', 0.028051, 'Equatoroguineans', 'Africa'),
('Eritrea', 'Asmara', 'French, Spanish', 0.12132, 'Eritreans', 'Africa'),
('Estonia', 'Tallinn', 'Estonian', 0.045226, 'Estonians', 'Europe'),
('Eswatini', 'Mbabane', 'Tigrinya, Arabic', 0.017363, 'Swazis', 'Africa'),
('Ethiopia', 'Addis Ababa', 'Amharic', 1.127127, 'Ethiopians', 'Africa'),
('Federated States of Micronesia', 'Palikir', 'English', 0.000702, 'Micronesians', 'Australia'),
('Fiji', 'Suva', 'English', 0.01827, 'Fijians', 'Australia'),
('Finland', 'Helsinki', 'Finnish, Swedish', 0.33703, 'Finns', 'Europe'),
('France', 'Paris', 'French', 0.54703, 'French', 'Europe'),
('Gabon', 'Libreville', 'French', 0.267667, 'Gabonese', 'Africa'),
('Gambia', 'Banjul', 'English', 0.0113, 'Gambians', 'Africa'),
('Georgia', 'Tbilisi', 'Georgian', 0.0697, 'Georgians', 'Asia'),
('Germany', 'Berlin', 'German', 0.357021, 'Germans', 'Europe'),
('Ghana', 'Accra', 'English', 0.23854, 'Ghanaians', 'Africa'),
('Great Britain', 'London', 'English', 0.24482, 'Britons', 'Europe'),
('Greece', 'Athens', 'Greek', 0.13194, 'Greeks', 'Europe'),
('Grenada', 'St. Georges', 'English', 0.00034, 'Grenadians', 'North America'),
('Guatemala', 'Guatemala', 'Spanish', 0.10889, 'Guatemalans', 'North America'),
('Guinea', 'Conakry', 'French', 0.245857, 'Guineans', 'Africa'),
('Guinea-Bissau', 'Bissau', 'Portuguese', 0.03612, 'Bissau-Guineans', 'Africa'),
('Guyana', 'Georgetown', 'English', 0.21497, 'Guyanese', 'South America'),
('Haiti', 'Port-au-Prince', 'French', 0.02775, 'Haitians', 'North America'),
('Honduras', 'Tegucigalpa', 'Spanish', 0.11209, 'Hondurans', 'North America'),
('Hungary', 'Budapest', 'Hungarian', 0.09303, 'Hungarians', 'Europe'),
('Iceland', 'Reykjavik', 'Icelandic', 0.103, 'Icelanders', 'Europe'),
('India', 'New Delhi', 'Hindi, English', 3.28759, 'Indians', 'Asia'),
('Indonesia', 'Jakarta', 'Indonesian', 1.904556, 'Indonesians', 'Asia'),
('Iran', 'Tehran', 'Persian', 1.648, 'Iranians', 'Asia'),
('Iraq', 'Baghdad', 'Arabic, Kurdish', 0.437072, 'Iraqis', 'Asia'),
('Irish', 'Dublin', 'Irish, English', 0.070273, 'Irish', 'Europe'),
('Israel', 'Jerusalem', 'Arabic, Hebrew', 0.022072, 'Israelis', 'Asia'),
('Italy', 'Rome', 'Italian', 0.30134, 'Italians', 'Europe'),
('Ivory Coast', 'Yamoussoukro', 'French', 0.32246, 'Ivorians', 'Africa'),
('Jamaica', 'Kingston', 'English', 0.01099, 'Jamaicans', 'North America'),
('Japan', 'Tokyo', 'Japanese', 0.377944, 'Japanese', 'Asia'),
('Jordan', 'Amman', 'Arabic', 0.0894, 'Jordanians', 'Asia'),
('Kazakhstan', 'Astana', 'Kazakh, Russian', 2.7249, 'Kazakhstanis', 'Asia'),
('Kenya', 'Nairobi', 'Swahili, English', 0.58265, 'Kenyans', 'Africa'),
('Kiribati', 'South Tarawa', 'English', 0.000717, 'Kiribati', 'Australia'),
('Kuwait', 'Kuwait City', 'Arabic', 0.01782, 'Kuwaitis', 'Asia'),
('Kyrgyzstan', 'Bishkek', 'Kyrgyz, Russian', 0.1985, 'Kirghiz', 'Asia'),
('Laos', 'Vientiane', 'Lao', 0.2368, 'Laotians', 'Asia'),
('Latvia', 'Riga', 'Latvian', 0.064589, 'Latvians', 'Europe'),
('Lebanon', 'Beirut', 'Arabic', 0.010452, 'Lebanese', 'Asia'),
('Lesotho', 'Maseru', 'English, Sesoto', 0.030355, 'Lesotans', 'Africa'),
('Liberia', 'Monrovia', 'English', 0.11137, 'Liberians', 'Africa'),
('Libya', 'Tripoli', 'Arabic', 1.75954, 'Libyans', 'Africa'),
('Liechtenstein', 'Vaduz', 'German', 0.00016, 'Lichtensteinians', 'Europe'),
('Lithuania', 'Vilnius', 'Lithuanian', 0.0652, 'Lithuanians', 'Europe'),
('Luxembourg', 'Luxembourg', 'Luxembourg, German, French', 0.002586, 'Luxembourgers', 'Europe'),
('Madagascar', 'Antananarivo', 'Malagasy, French', 0.58704, 'Madagascans', 'Africa'),
('Malawi', 'Lilongwe', 'Chichewa, English', 0.11848, 'Malawians', 'Africa'),
('Malaysia', 'KualaLumpur', 'Malaysian', 0.32975, 'Malaysians', 'Asia'),
('Maldives', 'Male', 'Maldivian', 0.0003, 'Maldivians', 'Asia'),
('Mali', 'Bamako', 'French', 1.24, 'Malians', 'Africa'),
('Malta', 'Valletta', 'Maltese, English', 0.000316, 'Maltese', 'Europe'),
('Marshall Islands', 'Majuro', 'English', 0.000181, 'Marshallese', 'Australia'),
('Mauritania', 'Nouakchott', 'Arabic', 1.0307, 'Mauritanians', 'Africa'),
('Mauritius', 'Port Louis', 'English', 0.00204, 'Mauritians', 'Africa'),
('Mexico', 'Mexico City', 'Spanish', 1.97255, 'Mexicans', 'North America'),
('Moldova', 'Chisinau', 'Moldovan', 0.033846, 'Moldovans', 'Europe'),
('Monaco', 'Monaco', 'French', 0.00000202, 'Monegasques', 'Europe'),
('Mongolia', 'Ulaanbaatar', 'Mongolian', 1.564116, 'Mongols', 'Asia'),
('Montenegro', 'Podgorica', 'Serbian, Albanian', 0.014026, 'Montenegrins', 'Europe'),
('Morocco', 'Rabat', 'Arabic', 0.44655, 'Moroccans', 'Africa'),
('Mozambique', 'Maputo', 'Portuguese', 0.80159, 'Mozambicans', 'Africa'),
('Myanmar', 'Naypyidaw', 'Burmese', 0.6785, 'Burmese', 'Asia'),
('Namibia', 'Windhoek', 'English', 0.825418, 'Namibians', 'Africa'),
('Nauru', '', 'Nauruan, English', 0.0000213, 'Nauruans', 'Australia'),
('Nepal', 'Kathmandu', 'Nepali', 0.1408, 'Nepalese', 'Asia'),
('Netherlands', 'Amsterdam', 'Dutch', 0.041526, 'Dutch', 'Europe'),
('New Zealand', 'Wellington', 'English', 0.26868, 'New Zealanders', 'Australia'),
('Nicaragua', 'Managua', 'Spanish', 0.129494, 'Nicaraguans', 'North America'),
('Niger', 'Niamey', 'French', 1.267, 'Nigers', 'Africa'),
('Nigeria', 'Abuja', 'English', 0.923768, 'Nigerians', 'Africa'),
('North Korea', 'Pyongyang', 'Korean', 0.12054, 'North Koreans', 'Asia'),
('Northern Macedonia', 'Skopje', 'English, Swazi', 0.025333, 'Macedonians', 'Europe'),
('Norway', 'Oslo', 'Norwegian', 0.385186, 'Norwegians', 'Europe'),
('Oman', 'Muscat', 'Arabic', 0.3095, 'Omanis', 'Asia'),
('Pakistan', 'Islamabad', 'Urdu, English', 0.881913, 'Pakistanis', 'Asia'),
('Palau', 'Ngerulmud', 'English', 0.000458, 'Palauans', 'Australia'),
('Palestine', 'Jerusalem', 'Arabic', 0.00602, 'Palestinians', 'Asia'),
('Panamahat', 'Panamahat', 'Spanish', 0.0782, 'Panamanians', 'North America'),
('Papua New Guinea', 'Port Moresby', 'English', 0.46384, 'Papuans', 'Australia'),
('Paraguay', 'Asuncion', 'Spanish, Guarani', 0.40675, 'Paraguayans', 'South America'),
('Peru', 'Lima', 'Quechua, Spanish, Aymara', 1.28522, 'Peruvians', 'South America'),
('Philippines', 'Manila', 'English, Tagalog', 0.3, 'Filipinos', 'Asia'),
('Poland', 'Warsaw', 'Polish', 0.312685, 'Poles', 'Europe'),
('Portugal', 'Lisbon', 'Portuguese', 0.092082, 'Portuguese', 'Europe'),
('Qatar', 'Doha', 'Arabic', 0.011437, 'Qataris', 'Asia'),
('Republic of the Congo', 'Brazzaville', 'French', 0.342, 'Congolese', 'Africa'),
('Romania', 'Bucharest', 'Romanian', 0.2375, 'Romanians', 'Europe'),
('Russia', 'Moscow', 'Russian', 17.125443, 'Russians', 'Europe'),
('Rwanda', 'Kigali', 'Kinyarwanda, English, French', 0.026338, 'Rwandans', 'Africa'),
('Saint Kitts and Nevis', 'Buster', 'English', 0.000261, 'Centkits', 'North America'),
('Saint Lucia', 'Castries', 'English', 0.00062, 'Centlusians', 'North America'),
('Saint Vincent and the Grenadines', 'Kingstown', 'French', 0.000389, 'Centvincents', 'North America'),
('Samoa', 'Apia', 'Samoan, English', 0.00286, 'Samoans', 'Australia'),
('San Marino', 'San Marino', 'Italian', 0.000061, 'Sanmarines', 'Europe'),
('São Tomé and Príncipe', 'Sao Tome', 'Portuguese', 0.001001, 'Santomians', 'Africa'),
('Saudi Arabia', 'Riyadh', 'Arabic', 2.218, 'Arabians', 'Asia'),
('Senegal', 'Dakar', 'French, English, Creole', 0.19619, 'Senegalese', 'Africa'),
('Serbia', 'Belgrade', 'English', 0.088361, 'Serbs', 'Europe'),
('Seychelles', 'Victoria', 'Macedonian', 0.000455, 'Seychelles', 'Africa'),
('Sierra Leone', 'Freetown', 'English', 0.07174, 'SierraLeoneans', 'Africa'),
('Singapore', 'Singapore', 'Serbian', 0.000714, 'Singaporeans', 'Asia'),
('Slovakia', 'Bratislava', 'Arabic', 0.048845, 'slovaks', 'Europe'),
('Slovenia', 'Ljubljana', 'Slovak', 0.020253, 'Slovenes', 'Europe'),
('Solomon Islands', 'Honiara', 'Slovenian', 0.02845, 'Solomonians', 'Australia'),
('Somalia', 'Mogadishu', 'English', 0.637657, 'Somalis', 'Africa'),
('South Africa', 'Pretoria', 'English, Afrikaans', 1.219912, 'South Africans', 'Africa'),
('South Corea', 'Seoul', 'Korean', 0.09848, 'Koreans', 'Asia'),
('South Ossetia', 'Tskhinval', 'Russian, Ossetian', 0.0039, 'Ossetians', 'Asia'),
('South Sudan', 'Juba', 'Arabic', 0.619745, 'South Sudanese', 'Africa'),
('Spain', 'Madrid', 'Spanish', 0.497304, 'Spaniards', 'Europe'),
('SriLanka', 'Sri Jayawardenepura Kotte', 'Sinhalese, Tamil', 0.06561, 'Sri Lankans', 'Asia'),
('Sudan', 'Khartoum', 'Somali, Arabic', 1.886068, 'Sudanese', 'Africa'),
('Suriname', 'Paramaribo', 'Dutch', 0.16327, 'Surinamese', 'South America'),
('Sweden', 'Stockholm', 'Swedish', 0.449964, 'Swedes', 'Europe'),
('Switzerland', 'Bern', 'Romansh, German, French, Italian', 0.04129, 'Swiss', 'Europe'),
('Syria', 'Damascus', 'English, Chinese, Tamil, Malay', 0.18518, 'Syrians', 'Asia'),
('Tadjikistan', 'Dushanbe', 'Tajik', 0.1431, 'Tajiks', 'Asia'),
('Tanzania', 'Dodoma', 'Swahili, English', 0.948087, 'Tanzanians', 'Africa'),
('Thailand', 'Bangkok', 'Thai', 0.514, 'Thais', 'Asia'),
('Togo', 'Scrap', 'French', 0.056785, 'Togolese', 'Africa'),
('Tonga', 'Nukualofa', 'English, Tongan', 0.000748, 'Tongans', 'Australia'),
('Trinidad and Tobago', 'Port of Spain', 'English', 0.005128, 'Trinidadians', 'North America'),
('Tunisia', 'Tunisia', 'Arabic', 0.16361, 'Tunisians', 'Africa'),
('Turkey', 'Ankara', 'Turkish', 0.78058, 'Turks', 'Asia'),
('Turkmenistan', 'Ashgabat', 'Turkmen', 0.4912, 'Turkmens', 'Asia'),
('Tuvalu', 'Funafuti', 'English', 0.000026, 'Tuvalians', 'Australia'),
('Uganda', 'Kampala', 'English', 0.23604, 'Ugandans', 'Africa'),
('Ukraine', 'Kyiv', 'Ukrainian', 0.576604, 'Ukrainians', 'Europe'),
('United Arab Emirates', 'Abu Dhabi', 'Arabic', 0.08288, 'Emirati', 'Asia'),
('United States', 'Washington', 'English', 9.522057, 'Americans', 'North America'),
('Uruguay', 'Montevideo', 'Spanish', 0.17622, 'Uruguayans', 'South America'),
('Uzbekistan', 'Tashkent', 'Uzbek', 0.4474, 'Uzbeks', 'Asia'),
('Vanuatu', 'PortVila', 'English, French, Bislama', 0.0122, 'Vanuatans', 'Australia'),
('Vatican', 'Vatican City', 'Latin, Italian', 0.00000044, 'Vaticans', 'Europe'),
('Venezuela', 'Caracas', 'Spanish', 0.91205, 'Venezuelans', 'South America'),
('Vietnam', 'Hanoi', 'Vietnamese', 0.32956, 'Vietnamese', 'Asia'),
('Yemen', 'Sana', 'Arabic', 0.52797, 'Yemenis', 'Asia'),
('Zambia', 'Lusaka', 'English', 0.752614, 'Zambians', 'Africa'),
('Zimbabwe', 'Harare', 'English', 0.39058, 'Zimbabweans', 'Africa');
INSERT INTO Ocean(nam, area, sea) VALUES('Arctic', 14.75, 'Barents Sea, Baffin Sea, White Sea, Beaufort Sea, Vandel Sea, East Siberian, Greenland Sea, Gustav-Adolf Sea, Kara Sea, Crown Prince Gustav Sea, Laptev Sea, Lincoln Sea, Norwegian, Chukchi'),
('Atlantic', 91.66, 'Azov, Baltic, Hebridean, Irish Sea, Irminger Sea, Caribbean, Celtic, Labrador, Marmara, Sargasso, Northern, Mediterranean, Black'),
('Indian', 76.17, 'Andaman, Arabian, Arafura, Red, Laccadive, Timor'),
('Pacific', 178.68, 'Bali Sea, Banda Sea, Bering Sea, Visayan Sea, Inland Japan, East China, Yellow, Kamotes Sea, Coral, Koro Sea, Mindanao Sea, Moluccas, New Guinea, Okhotsk, Savu Sea, Samar Sea, Seram Sea, Sibuyan Sea, Solomonovo Sea, Sulawesi Sea, Sulu Sea, Tasman Sea Tuvalu, Fiji Sea, Philippine Sea, Flores Sea, Halmahera Sea, South China Sea, Javanese, Japanese');
INSERT INTO "Continent and ocean"(cont, ocean) VALUES('Africa', 'Indian'),
('Africa', 'Atlantic'),
('Antarctica', 'Atlantic'),
('Antarctica', 'Indian'),
('Antarctica', 'Pacific'),
('Asia', 'Arctic'),
('Asia', 'Indian'),
('Asia', 'Pacific'),
('Australia', 'Indian'),
('Australia', 'Pacific'),
('Europe', 'Arctic'),
('Europe', 'Atlantic'),
('North America', 'Arctic'),
('North America', 'Atlantic'),
('North America', 'Pacific'),
('South America', 'Atlantic'),
('South America', 'Pacific');
